Nama,Akun Instagram
Nabila,https://www.instagram.com/bieladz?igsi=MXVrbXh0dHdybmhtag==
Fauzan,https://www.instagram.com/auudehhz?igsi=MXZoamV4d2lzYzlsNA==
Kia,https://www.instagram.com/n.tqzakiyaa?igsi=MzBkMDB1MnQ2ZTI2
Selvi,https://www.instagram.com/whssslvvvvv?igsi=MWE0bm15OG9va2J3bg==
Achmad,https://www.instagram.com/r_i.z_ki?igsi=Z2o4bjQzaXhqM290
Husna,https://www.instagram.com/husnaaf27?igsi=MTl6ejY0bTJ1c21oeQ==
Vandi,https://www.instagram.com/ahma.daf26?igsi=MXAyYXN2d3VpNjhjeA==
Iqbal,https://www.instagram.com/iqblilhami_?igsi=MWtiamFiY3gwZGhqcA==
Hanum,https://www.instagram.com/hanummaghfirah25?igsi=cXkxMnk5NHh0Mm53
Fajri,https://www.instagram.com/mhdfajriii___/
Adzka,https://www.instagram.com/ibrahiimadzka?igsi=MTF4MWZybjAwaWRnbA%3D%3D&utm_source=qr
Zikri,https://www.instagram.com/fiscarssz?igsi=MXc4NjZrMnQyYnE5eA%3D%3D&utm_source=qr
Fai,https://www.instagram.com/fairuzembuh?igsi=MXVtMmFkc2NtZGptOQ==
Raka,https://www.instagram.com/_rmdhnrka?igsi=YWpxY2FqbWdncm9k
Eisep,https://www.instagram.com/ssyauqiamran?igsi=Y3Jmem90eWJmaTFj
Dhani,https://www.instagram.com/ahmad._rdhn?igsi=MW9nemcyOTR6YjJ6aw==
Sesa,https://www.instagram.com/sesareal?igsi=bGUyODVqcGFseXVz
Dira,https://www.instagram.com/filzandrr__?igsi=Z3BlMjJqbGxwamV5&utm_source=qr
Adiba,https://www.instagram.com/adibamaulidya?igsi=MTJmcHBzZ3hpaHI1eg==